﻿Date	Time	Lat	Lon	Wind	Pressure	Storm Type	Category
16-Sep	15:00 GMT	12.2°	-50.5°	35 mph	1008 mb	Potential Tropical Cyclone	-
16-Sep	18:00 GMT	11.9°	-51.6°	35 mph	1006 mb	Tropical Depression	-
16-Sep	21:00 GMT	12.3°	-52.6°	50 mph	1002 mb	Tropical Storm	-
17-Sep	00:00 GMT	12.4°	-53.0°	50 mph	1002 mb	Tropical Storm	-
17-Sep	03:00 GMT	12.5°	-53.7°	50 mph	1002 mb	Tropical Storm	-
17-Sep	06:00 GMT	12.7°	-54.4°	50 mph	1000 mb	Tropical Storm	-
17-Sep	09:00 GMT	13.0°	-54.9°	65 mph	994 mb	Tropical Storm	-
17-Sep	12:00 GMT	13.3°	-55.6°	65 mph	994 mb	Tropical Storm	-
17-Sep	15:00 GMT	13.5°	-56.2°	65 mph	994 mb	Tropical Storm	-
17-Sep	18:00 GMT	13.6°	-56.9°	65 mph	994 mb	Tropical Storm	-
17-Sep	21:00 GMT	13.8°	-57.5°	75 mph	982 mb	Hurricane	1
18-Sep	00:00 GMT	14.0°	-57.9°	80 mph	982 mb	Hurricane	1
18-Sep	03:00 GMT	14.2°	-58.4°	85 mph	979 mb	Hurricane	1
18-Sep	06:00 GMT	14.4°	-59.0°	90 mph	977 mb	Hurricane	1
18-Sep	09:00 GMT	14.6°	-59.5°	90 mph	977 mb	Hurricane	1
18-Sep	12:00 GMT	14.6°	-59.7°	110 mph	967 mb	Hurricane	2
18-Sep	15:00 GMT	14.7°	-60.1°	120 mph	959 mb	Hurricane	3
18-Sep	18:00 GMT	14.9°	-60.4°	125 mph	956 mb	Hurricane	3
18-Sep	21:00 GMT	15.1°	-60.7°	130 mph	950 mb	Hurricane	4
18-Sep	22:00 GMT	15.2°	-60.8°	130 mph	950 mb	Hurricane	4
18-Sep	23:00 GMT	15.3°	-60.9°	130 mph	950 mb	Hurricane	4
18-Sep	23:45 GMT	15.3°	-61.1°	160 mph	929 mb	Hurricane	5
19-Sep	00:00 GMT	15.3°	-61.1°	160 mph	925 mb	Hurricane	5
19-Sep	01:00 GMT	15.3°	-61.2°	160 mph	924 mb	Hurricane	5
19-Sep	01:35 GMT	15.3°	-61.3°	160 mph	924 mb	Hurricane	5
19-Sep	03:00 GMT	15.5°	-61.4°	160 mph	924 mb	Hurricane	5
19-Sep	06:00 GMT	15.7°	-61.9°	155 mph	942 mb	Hurricane	4
19-Sep	09:00 GMT	16.0°	-62.3°	155 mph	934 mb	Hurricane	4
19-Sep	09:10 GMT	16.0°	-62.3°	160 mph	930 mb	Hurricane	5
19-Sep	12:00 GMT	16.2°	-62.8°	160 mph	933 mb	Hurricane	5
19-Sep	15:00 GMT	16.3°	-63.1°	160 mph	927 mb	Hurricane	5
19-Sep	18:00 GMT	16.6°	-63.6°	160 mph	927 mb	Hurricane	5
19-Sep	18:15 GMT	16.6°	-63.6°	165 mph	920 mb	Hurricane	5
19-Sep	19:00 GMT	16.7°	-63.7°	165 mph	920 mb	Hurricane	5
19-Sep	20:00 GMT	16.7°	-63.8°	165 mph	920 mb	Hurricane	5
19-Sep	21:00 GMT	16.8°	-64.0°	165 mph	916 mb	Hurricane	5
19-Sep	22:00 GMT	16.8°	-64.0°	165 mph	913 mb	Hurricane	5
19-Sep	23:00 GMT	16.9°	-64.1°	175 mph	909 mb	Hurricane	5
20-Sep	00:00 GMT	17.0°	-64.2°	175 mph	909 mb	Hurricane	5
20-Sep	01:00 GMT	17.1°	-64.4°	175 mph	909 mb	Hurricane	5
20-Sep	02:00 GMT	17.2°	-64.5°	175 mph	909 mb	Hurricane	5
20-Sep	03:00 GMT	17.3°	-64.7°	175 mph	909 mb	Hurricane	5
20-Sep	04:00 GMT	17.4°	-64.9°	175 mph	908 mb	Hurricane	5
20-Sep	05:00 GMT	17.5°	-65.0°	175 mph	910 mb	Hurricane	5
20-Sep	06:00 GMT	17.6°	-65.1°	165 mph	910 mb	Hurricane	5
20-Sep	07:00 GMT	17.7°	-65.3°	160 mph	913 mb	Hurricane	5
20-Sep	08:00 GMT	17.8°	-65.4°	160 mph	917 mb	Hurricane	5
20-Sep	09:00 GMT	17.9°	-65.6°	155 mph	917 mb	Hurricane	4
20-Sep	10:00 GMT	18.0°	-65.8°	155 mph	917 mb	Hurricane	4
20-Sep	10:35 GMT	18.0°	-65.8°	155 mph	917 mb	Hurricane	4
20-Sep	11:00 GMT	18.0°	-65.9°	155 mph	917 mb	Hurricane	4
20-Sep	12:00 GMT	18.2°	-66.1°	150 mph	921 mb	Hurricane	4
20-Sep	13:00 GMT	18.3°	-66.3°	145 mph	927 mb	Hurricane	4
20-Sep	14:00 GMT	18.4°	-66.4°	145 mph	928 mb	Hurricane	4
20-Sep	15:00 GMT	18.4°	-66.5°	140 mph	930 mb	Hurricane	4
20-Sep	18:00 GMT	18.5°	-66.9°	115 mph	961 mb	Hurricane	3
20-Sep	21:00 GMT	18.8°	-67.3°	110 mph	957 mb	Hurricane	2
21-Sep	00:00 GMT	18.9°	-67.5°	110 mph	958 mb	Hurricane	2
21-Sep	03:00 GMT	19.2°	-67.9°	110 mph	959 mb	Hurricane	2
21-Sep	06:00 GMT	19.4°	-68.2°	115 mph	959 mb	Hurricane	3
21-Sep	09:00 GMT	19.6°	-68.4°	115 mph	959 mb	Hurricane	3
21-Sep	12:00 GMT	19.9°	-68.7°	115 mph	959 mb	Hurricane	3
21-Sep	15:00 GMT	20.2°	-69.1°	115 mph	960 mb	Hurricane	3
21-Sep	18:00 GMT	20.4°	-69.4°	120 mph	960 mb	Hurricane	3
21-Sep	21:00 GMT	20.8°	-69.8°	120 mph	960 mb	Hurricane	3
22-Sep	00:00 GMT	20.9°	-70.0°	125 mph	955 mb	Hurricane	3
22-Sep	03:00 GMT	21.0°	-70.2°	125 mph	955 mb	Hurricane	3
22-Sep	06:00 GMT	21.2°	-70.5°	125 mph	959 mb	Hurricane	3
22-Sep	09:00 GMT	21.6°	-70.6°	125 mph	959 mb	Hurricane	3
22-Sep	12:00 GMT	21.9°	-70.9°	125 mph	959 mb	Hurricane	3
22-Sep	15:00 GMT	22.3°	-71.0°	125 mph	958 mb	Hurricane	3
22-Sep	18:00 GMT	22.8°	-71.2°	125 mph	959 mb	Hurricane	3
22-Sep	21:00 GMT	23.3°	-71.4°	125 mph	959 mb	Hurricane	3
23-Sep	00:00 GMT	23.8°	-71.6°	125 mph	953 mb	Hurricane	3
23-Sep	03:00 GMT	24.1°	-71.7°	125 mph	954 mb	Hurricane	3
23-Sep	06:00 GMT	24.4°	-71.9°	125 mph	952 mb	Hurricane	3
23-Sep	09:00 GMT	24.8°	-72.0°	120 mph	952 mb	Hurricane	3
23-Sep	15:00 GMT	25.4°	-72.3°	115 mph	952 mb	Hurricane	3
23-Sep	21:00 GMT	26.3°	-72.5°	115 mph	950 mb	Hurricane	3
24-Sep	03:00 GMT	27.0°	-72.5°	115 mph	942 mb	Hurricane	3
24-Sep	09:00 GMT	27.9°	-72.7°	110 mph	948 mb	Hurricane	2
24-Sep	15:00 GMT	28.7°	-72.9°	105 mph	947 mb	Hurricane	2
24-Sep	21:00 GMT	29.4°	-73.0°	105 mph	941 mb	Hurricane	2
25-Sep	00:00 GMT	29.7°	-72.9°	105 mph	947 mb	Hurricane	2
25-Sep	03:00 GMT	30.0°	-73.0°	90 mph	950 mb	Hurricane	1
25-Sep	06:00 GMT	30.2°	-73.0°	85 mph	954 mb	Hurricane	1
25-Sep	09:00 GMT	30.6°	-73.0°	80 mph	957 mb	Hurricane	1
25-Sep	12:00 GMT	30.8°	-73.0°	75 mph	961 mb	Hurricane	1
25-Sep	15:00 GMT	31.2°	-72.9°	80 mph	963 mb	Hurricane	1
25-Sep	18:00 GMT	31.4°	-73.0°	80 mph	966 mb	Hurricane	1
25-Sep	21:00 GMT	31.7°	-73.1°	80 mph	965 mb	Hurricane	1
26-Sep	00:00 GMT	32.0°	-73.0°	80 mph	965 mb	Hurricane	1
26-Sep	03:00 GMT	32.3°	-73.1°	80 mph	969 mb	Hurricane	1
26-Sep	06:00 GMT	32.6°	-73.2°	80 mph	970 mb	Hurricane	1
26-Sep	09:00 GMT	32.9°	-73.1°	75 mph	970 mb	Hurricane	1
26-Sep	12:00 GMT	33.3°	-73.1°	75 mph	970 mb	Hurricane	1
26-Sep	15:00 GMT	33.6°	-73.1°	75 mph	971 mb	Hurricane	1
26-Sep	18:00 GMT	33.8°	-73.1°	75 mph	974 mb	Hurricane	1
26-Sep	21:00 GMT	34.1°	-73.0°	70 mph	974 mb	Tropical Storm	-
27-Sep	00:00 GMT	34.6°	-72.9°	70 mph	975 mb	Tropical Storm	-
27-Sep	03:00 GMT	34.9°	-72.9°	70 mph	975 mb	Tropical Storm	-
27-Sep	06:00 GMT	34.8°	-73.0°	70 mph	976 mb	Tropical Storm	-
27-Sep	09:00 GMT	35.1°	-72.9°	70 mph	976 mb	Tropical Storm	-
27-Sep	12:00 GMT	35.4°	-72.8°	70 mph	978 mb	Tropical Storm	-
27-Sep	15:00 GMT	35.6°	-72.6°	75 mph	978 mb	Hurricane	1
27-Sep	18:00 GMT	35.9°	-72.4°	75 mph	979 mb	Hurricane	1
27-Sep	21:00 GMT	36.2°	-72.1°	75 mph	979 mb	Hurricane	1
28-Sep	00:00 GMT	36.5°	-71.8°	75 mph	979 mb	Hurricane	1
28-Sep	03:00 GMT	36.8°	-71.5°	75 mph	979 mb	Hurricane	1
28-Sep	09:00 GMT	36.8°	-71.0°	70 mph	982 mb	Tropical Storm	-
28-Sep	15:00 GMT	36.8°	-69.3°	70 mph	982 mb	Tropical Storm	-
28-Sep	21:00 GMT	36.8°	-67.8°	65 mph	985 mb	Tropical Storm	-
29-Sep	03:00 GMT	37.1°	-65.5°	65 mph	985 mb	Tropical Storm	-
29-Sep	09:00 GMT	37.2°	-63.3°	60 mph	987 mb	Tropical Storm	-
29-Sep	15:00 GMT	37.5°	-60.1°	60 mph	988 mb	Tropical Storm	-
29-Sep	21:00 GMT	37.8°	-57.4°	60 mph	988 mb	Tropical Storm	-
30-Sep	03:00 GMT	38.6°	-53.9°	60 mph	988 mb	Tropical Storm	-
30-Sep	09:00 GMT	39.6°	-50.5°	60 mph	988 mb	Tropical Storm	-
30-Sep	15:00 GMT	40.7°	-47.2°	60 mph	989 mb	Tropical Storm	-
30-Sep	21:00 GMT	42.0°	-43.9°	50 mph	991 mb	Post-Tropical Cyclone	-
